顯示區域,縣市名稱,高中/國中,學校名稱,Latitude,Longitude,場地,學生數,籃球(男) ,113年聯賽成績,籃球(女) ,排球(男),排球(女),足球(男),足球(女),壘球 
區域 6: 高雄區（國中）,高雄市,國中,市立阿蓮國中,22.885652,120.3259774,風雨球場,558,乙組,預賽淘汰12/31,,,,乙組,,
區域 6: 高雄區（國中）,高雄市,國中,市立民族國中,22.6398135,120.3326987,風雨球場,458,乙組,預賽淘汰12/31,乙組,,,,,
區域 6: 高雄區（國中）,高雄市,國中,市立橋頭國中,22.7591054,120.3074197,風雨球場,668,乙組,預賽淘汰12/31,,,,,,
區域 6: 高雄區（國中）,高雄市,國中,市立明華國中,22.6616977,120.300953,風雨球場,1637,乙組,預賽淘汰12/31,,,,,,
區域 6: 高雄區（國中）,高雄市,國中,市立六龜高中附設國中部,22.9927961,120.6353933,風雨球場,99,乙組,預賽淘汰12/31,,,,,,
區域 6: 高雄區（國中）,高雄市,國中,市立青年國中,22.6308406,120.3484727,風雨球場,1163,乙組,八強4/11,,,,,,
區域 6: 高雄區（國中）,高雄市,國中,市立國昌國中,22.7195361,120.2855241,無室內球場,1676,乙組,預賽淘汰12/31,乙組,,,,,
區域 6: 高雄區（國中）,高雄市,國中,市立鳳山國中,22.6250253,120.3721726,無室內球場,1508,乙組,預賽淘汰12/31,,,,,,
區域 6: 高雄區（國中）,高雄市,國中,市立岡山國中,22.7916663,120.3034236,無室內球場,1265,乙組,預賽淘汰12/31,,,,,,
區域 6: 高雄區（國中）,高雄市,國中,市立鳳翔國中,22.5970321,120.3485443,無室內球場,767,乙組,預賽淘汰12/31,,,,,,
區域 6: 高雄區（國中）,高雄市,國中,市立陽明國中,22.6439914,120.3405423,無室內球場,2696,乙組,預賽淘汰12/31,,,,,,
區域 6: 高雄區（國中）,高雄市,國中,市立中山國中,22.5661085,120.356176,無室內球場,1322,乙組,複賽淘汰2/26,乙組,,,,,
區域 6: 高雄區（國中）,高雄市,國中,市立鳳甲國中,22.6168856,120.3426385,無室內球場,1220,甲組,八強4/19,乙組,,,,,
區域 6: 高雄區（國中）,高雄市,國中,市立美濃國中,22.893447,120.5423941,室內球場,243,乙組,預賽淘汰12/31,乙組,,,,,
區域 6: 高雄區（國中）,高雄市,國中,私立義大國際高中附設國中部,22.7283475,120.4054928,室內球場,159,乙組,預賽淘汰12/31,,,,,,
區域 6: 高雄區（國中）,高雄市,國中,市立梓官國中,22.7626438,120.2634505,室內球場,408,乙組,預賽淘汰12/31,,,,,,
區域 6: 高雄區（國中）,高雄市,國中,市立鹽埕國中,22.6228193,120.2880459,室內球場,422,乙組,預賽淘汰12/31,,,,,,
區域 6: 高雄區（國中）,高雄市,國中,市立仁武高中附設國中部,22.7025481,120.355914,室內球場,627,乙組,預賽淘汰12/30.,甲組,,,,,
區域 6: 高雄區（國中）,高雄市,國中,市立七賢國中,22.6576399,120.2894332,室內球場,1505,甲組,資格賽淘汰10/21,甲組,,,,,
區域 7: 花蓮區（國中）,花蓮縣,國中,縣立秀林國中,24.1254991,121.6537992,無室內球場,206,乙組,預賽淘汰12/13,甲組,,,,乙組,
區域 7: 花蓮區（國中）,花蓮縣,國中,縣立美崙國中,23.9980304,121.6286664,無室內球場,264,乙組,預賽淘汰12/13,,,,甲組,,
區域 7: 花蓮區（國中）,花蓮縣,國中,縣立鳳林國中,23.7444866,121.4488473,無室內球場,222,乙組,預賽淘汰12/13,乙組,,,,,
區域 7: 花蓮區（國中）,花蓮縣,國中,縣立壽豐國中,23.8452882,121.5008687,無室內球場,124,乙組,預賽淘汰12/13,,,,,,
區域 7: 花蓮區（國中）,花蓮縣,國中,縣立花崗國中,23.9770122,121.6124429,無室內球場,1170,乙組,複賽淘汰2/26,,,,乙組,,
區域 7: 花蓮區（國中）,花蓮縣,國中,縣立吉安國中,23.9834711,121.5616183,無室內球場,206,乙組,複賽淘汰2/26,,,乙組,,,
區域 7: 花蓮區（國中）,花蓮縣,國中,私立慈大附中附設國中部,24.0009434,121.5754627,室內球場,640,乙組,預賽淘汰12/13,,乙組,乙組,,,
區域 7: 花蓮區（國中）,花蓮縣,國中,縣立宜昌國中,23.9721814,121.5865597,室內球場,672,乙組,預賽淘汰12/13,,乙組,乙組,,,
區域 7: 花蓮區（國中）,花蓮縣,國中,縣立玉里國中,23.3353266,121.3129105,室內球場,470,乙組,預賽淘汰12/13,乙組,,,,,
區域 7: 花蓮區（國中）,花蓮縣,國中,縣立自強國中,23.9974094,121.5993702,室內球場,517,乙組,預賽淘汰12/13,乙組,,,,,
區域 7: 花蓮區（國中）,花蓮縣,國中,縣立三民國中,23.4227934,121.3484448,室內球場,96,乙組,預賽淘汰12/13,,,,,,
區域 7: 花蓮區（國中）,花蓮縣,國中,縣立國風國中,23.9781451,121.5957218,室內球場,1514,甲組,複賽淘汰1/12,甲組,,,,,
特邀支援區: 澎湖，金門，連江（國中）,金門縣,國中,縣立烈嶼國中,24.4288569,118.2475458,無室內球場,88,乙組,預賽淘汰12/13,乙組,,,,,
特邀支援區: 澎湖，金門，連江（國中）,金門縣,國中,縣立金湖國中,24.436582,118.4217868,室內球場,428,乙組,預賽淘汰12/13,乙組,,,,,
特邀支援區: 澎湖，金門，連江（國中）,金門縣,國中,縣立金寧國中(小),24.4567186,118.3267892,室內球場,299,乙組,預賽淘汰12/13,乙組,,,,,
特邀支援區: 澎湖，金門，連江（國中）,金門縣,國中,縣立金城國中,24.4320647,118.3155101,室內球場,876,乙組,複賽淘汰2/26,乙組,,,,,
特邀支援區: 澎湖，金門，連江（國中）,金門縣,國中,縣立金沙國中,24.4906226,118.4155572,室內球場,186,乙組,複賽淘汰2/26,乙組,,,,,
特邀支援區: 澎湖，金門，連江（國中）,連江縣,國中,縣立東引國中(小),26.3747168,120.4804048,室內球場,31,乙組,預賽淘汰1/1,,,,,,
特邀支援區: 澎湖，金門，連江（國中）,連江縣,國中,縣立介壽國中(小),26.1545215,119.9552627,室內球場,126,乙組,預賽淘汰1/1,,,,,,
特邀支援區: 澎湖，金門，連江（國中）,連江縣,國中,縣立中正國中(小),26.160587,119.9198424,室內球場,57,乙組,複賽淘汰2/26,,,,,,
特邀支援區: 澎湖，金門，連江（國中）,澎湖縣,國中,縣立中正國中,23.5604024,119.598715,室內球場,266,乙組,預賽淘汰12/11,,,,,,
特邀支援區: 澎湖，金門，連江（國中）,澎湖縣,國中,縣立馬公國中,23.5679213,119.5813172,室內球場,887,乙組,八強4/11,乙組,乙組,乙組,,,
浮動小區: 台東區（國中）,台東縣,國中,縣立新生國中,22.762925,121.1347022,風雨球場,1420,乙組,預賽淘汰12/31,乙組,,,,,
浮動小區: 台東區（國中）,台東縣,國中,縣立大王國中,22.6152634,121.0059137,風雨球場,140,乙組,預賽淘汰12/31,乙組,,,,,
浮動小區: 台東區（國中）,台東縣,國中,縣立知本國中,22.7173721,121.0480681,風雨球場,116,乙組,預賽淘汰12/31,,,,,,
浮動小區: 台東區（國中）,台東縣,國中,私立均一高中附設國中部,22.7700851,121.1270039,風雨球場,145,乙組,複賽淘汰2/26,乙組,乙組,乙組,,,
浮動小區: 台東區（國中）,台東縣,國中,縣立東海國中,22.7455704,121.1476026,無室內球場,600,乙組,預賽淘汰12/31,,,,,,
浮動小區: 台東區（國中）,台東縣,國中,縣立賓茂國中,22.5540555,120.9532123,無室內球場,40,乙組,預賽淘汰12/31,,,,,,
浮動小區: 台東區（國中）,台東縣,國中,縣立豐田國中,22.7718377,121.0905766,室內球場,221,乙組,預賽淘汰12/31,乙組,,,甲組,,
浮動小區: 台東區（國中）,台東縣,國中,縣立鹿野國中,22.9077405,121.1348813,室內球場,57,乙組,預賽淘汰12/31,乙組,,,,,
浮動小區: 台東區（國中）,台東縣,國中,縣立大武國中,22.3653357,120.9065982,室內球場,128,乙組,預賽淘汰12/31,乙組,,,,,
浮動小區: 台東區（國中）,台東縣,國中,縣立新港國中,23.1012915,121.3764976,室內球場,200,乙組,預賽淘汰12/31,乙組,,,,,
浮動小區: 台東區（國中）,台東縣,國中,縣立長濱國中,23.2743897,121.424174,室內球場,64,乙組,預賽淘汰12/31,,,,,,
浮動小區: 台東區（國中）,台東縣,國中,縣立池上國中,23.1152295,121.2052174,室內球場,146,乙組,預賽淘汰12/30,,,,,,
浮動小區: 台東區（國中）,台東縣,國中,縣立蘭嶼高中附設國中部,22.0549737,121.5198716,室內球場,77,乙組,預賽淘汰12/28,,,,,,
浮動小區: 台東區（國中）,台東縣,國中,縣立關山國中,23.0443001,121.1599422,室內球場,298,乙組,複賽淘汰2/26,乙組,,,,,
區域 6: 高雄區（國中）,屏東縣,國中,縣立鹽埔國中,22.7549757,120.5735952,風雨球場,297,乙組,預賽淘汰11/21,乙組,,,,,
區域 6: 高雄區（國中）,屏東縣,國中,縣立至正國中,22.6900845,120.4931824,風雨球場,526,甲組,資格賽淘汰10/21,,,甲組,,,
區域 6: 高雄區（國中）,屏東縣,國中,縣立中正國中,22.6818099,120.5000691,無室內球場,1737,乙組,預賽淘汰11/21,乙組,,,乙組,,
區域 6: 高雄區（國中）,屏東縣,國中,縣立萬丹國中,22.5965949,120.4879973,無室內球場,641,乙組,預賽淘汰11/21,,乙組,乙組,,,
區域 6: 高雄區（國中）,屏東縣,國中,縣立潮州國中,22.5538252,120.5433808,無室內球場,675,乙組,預賽淘汰11/21,乙組,甲組,,,,
區域 6: 高雄區（國中）,屏東縣,國中,縣立東新國中,22.4729911,120.4647347,無室內球場,401,乙組,預賽淘汰11/21,,,,,,
區域 6: 高雄區（國中）,屏東縣,國中,私立美和高中附設國中部,22.6007124,120.5599531,無室內球場,673,乙組,複賽淘汰11/21,乙組,,,,,
區域 6: 高雄區（國中）,屏東縣,國中,縣立明正國中,22.6833347,120.504113,室內球場,1695,乙組,預賽淘汰11/21,,甲組,甲組,,,
區域 6: 高雄區（國中）,屏東縣,國中,縣立麟洛國中,22.6555047,120.5193974,室內球場,144,甲組,資格賽淘汰10/21,,,,,,
區域 6: 高雄區（國中）,屏東縣,國中,縣立萬新國中,22.5615976,120.4912591,室內球場,282,乙組,複賽淘汰2/26,乙組,,,,,
區域 4: 彰化區（國中）,南投縣,國中,縣立仁愛國中,24.0317914,121.141863,無室內球場,95,乙組,預賽淘汰12/12,乙組,,,,,
區域 4: 彰化區（國中）,南投縣,國中,縣立北梅國中,24.0568733,120.9131297,無室內球場,51,乙組,預賽淘汰12/12,,,,,,
區域 4: 彰化區（國中）,南投縣,國中,縣立宏仁國中,23.9615094,120.972856,無室內球場,913,乙組,四強4/12,,,,,,
區域 4: 彰化區（國中）,南投縣,國中,縣立名間國中,23.8456443,120.6954786,室內球場,237,乙組,預賽淘汰12/12,乙組,,,,,水泥地
區域 4: 彰化區（國中）,南投縣,國中,縣立水里國中,23.8102797,120.8561986,室內球場,295,乙組,預賽淘汰12/12,乙組,,,,,
區域 4: 彰化區（國中）,南投縣,國中,私立普台中學國中部,23.9948433,120.9370681,室內球場,623,乙組,預賽淘汰12/12,,,,,,
區域 4: 彰化區（國中）,南投縣,國中,縣立竹山國中,23.7529443,120.681589,室內球場,496,乙組,預賽淘汰12/12,,,,,,
區域 4: 彰化區（國中）,南投縣,國中,縣立營北國中,23.9519752,120.6865124,室內球場,320,乙組,預賽淘汰12/12,,,,,,
區域 4: 彰化區（國中）,南投縣,國中,縣立同富國中,23.5948011,120.8867317,室內球場,86,乙組,預賽淘汰12/12,,乙組,乙組,,,
區域 4: 彰化區（國中）,南投縣,國中,縣立埔里國中,23.9689022,120.9689812,室內球場,810,甲組,四強4/20,,,,,,優質體育館
區域 2: 桃竹區（國中）,苗栗縣,國中,縣立公館國中,24.4982127,120.8278895,風雨球場,756,乙組,預賽淘汰12/30,,,,,,
區域 2: 桃竹區（國中）,苗栗縣,國中,縣立通霄國中,24.5133032,120.6909418,風雨球場,271,乙組,預賽淘汰12/30,,,,,,
區域 2: 桃竹區（國中）,苗栗縣,國中,縣立大倫國中,24.5697783,120.8303924,風雨球場,387,甲組,八強4/19,甲組,,,,,
區域 2: 桃竹區（國中）,苗栗縣,國中,縣立頭份國中,24.6914555,120.9012055,室內球場,947,乙組,預賽淘汰12/30,乙組,,,,,
區域 2: 桃竹區（國中）,苗栗縣,國中,縣立竹南國中,24.6840489,120.8763,室內球場,1105,乙組,預賽淘汰12/30,乙組,,,,,
區域 2: 桃竹區（國中）,苗栗縣,國中,縣立照南國中,24.694364,120.8761727,室內球場,1406,乙組,預賽淘汰12/30,,,,,,
區域 2: 桃竹區（國中）,苗栗縣,國中,縣立興華高中附設國中部,24.6857103,120.936212,室內球場,557,乙組,預賽淘汰12/29,,,,,,
區域 2: 桃竹區（國中）,苗栗縣,國中,縣立明仁國中,24.5627808,120.8111278,室內球場,1249,甲組,預賽淘汰11/27,乙組,,,,,
區域 2: 桃竹區（國中）,苗栗縣,國中,縣立頭屋國中,24.5781525,120.8491542,室內球場,186,乙組,複賽淘汰2/26,,,,,,
區域 2: 桃竹區（國中）,桃園市,國中,市立東興國中,24.9498754,121.2299908,風雨球場,2341,乙組,預賽淘汰12/23,,,,,,
區域 2: 桃竹區（國中）,桃園市,國中,市立中興國中,24.9963558,121.290872,無室內球場,1568,乙組,預賽淘汰12/23,,,,甲組,,
區域 2: 桃竹區（國中）,桃園市,國中,市立龍潭國中,24.8560895,121.2174839,無室內球場,1350,乙組,預賽淘汰12/23,,乙組,乙組,,,
區域 2: 桃竹區（國中）,桃園市,國中,市立桃園國中,24.9955404,121.3050118,無室內球場,1149,乙組,預賽淘汰12/23,,,,,,
區域 2: 桃竹區（國中）,桃園市,國中,市立永安國中,24.9878848,121.0438389,無室內球場,193,乙組,預賽淘汰12/23,,,,,,
區域 2: 桃竹區（國中）,桃園市,國中,市立瑞坪國中,24.9071172,121.1809209,無室內球場,641,乙組,預賽淘汰12/23,,,,,,
區域 2: 桃竹區（國中）,桃園市,國中,市立大溪國中,24.8798978,121.2958258,無室內球場,668,乙組,複賽淘汰2/26,,,,,,
區域 2: 桃竹區（國中）,桃園市,國中,市立觀音國中,25.0392561,121.0806258,有室內球場但無法使用,222,乙組,預賽淘汰12/23,,,,,,
區域 2: 桃竹區（國中）,桃園市,國中,市立竹圍國中,25.1100123,121.2389509,室內球場,161,乙組,預賽淘汰12/23,,,,乙組,,
區域 2: 桃竹區（國中）,桃園市,國中,市立慈文國中,25.0087695,121.3009005,室內球場,2065,乙組,預賽淘汰12/23,,,,乙組,,
區域 2: 桃竹區（國中）,桃園市,國中,市立八德國中,24.9300046,121.2874917,室內球場,1250,乙組,預賽淘汰12/23,,甲組,甲組,,,
區域 2: 桃竹區（國中）,桃園市,國中,市立文昌國中,25.0104365,121.3074458,室內球場,1311,乙組,預賽淘汰12/23,乙組,,,,,優質體育館
區域 2: 桃竹區（國中）,桃園市,國中,市立龍岡國中,24.93074,121.2521227,室內球場,1035,乙組,預賽淘汰12/23,乙組,,,,,
區域 2: 桃竹區（國中）,桃園市,國中,市立同德國中,25.0158097,121.2932689,室內球場,1370,乙組,預賽淘汰12/23,乙組,,,,,
區域 2: 桃竹區（國中）,桃園市,國中,市立新屋高中附設國中部,24.969817,121.1019361,室內球場,701,乙組,預賽淘汰12/23,,,,,,
區域 2: 桃竹區（國中）,桃園市,國中,市立青溪國中,24.9972841,121.3196815,室內球場,1409,乙組,預賽淘汰12/23,,,,,,優質體育館
區域 2: 桃竹區（國中）,桃園市,國中,市立大園國中,25.0535401,121.1711333,室內球場,1230,乙組,預賽淘汰12/23,,,,,,
區域 2: 桃竹區（國中）,桃園市,國中,市立中壢國中,24.950969,121.2188585,室內球場,1657,乙組,預賽淘汰12/23,,,,,,
區域 2: 桃竹區（國中）,桃園市,國中,市立仁美國中,24.9221439,121.1871091,室內球場,341,乙組,預賽淘汰12/23,,,,,,
區域 2: 桃竹區（國中）,桃園市,國中,市立凌雲國中,24.8589595,121.2024034,室內球場,456,乙組,預賽淘汰12/23,,,,,,
區域 2: 桃竹區（國中）,桃園市,國中,市立楊明國中,24.910943,121.1549452,室內球場,567,乙組,預賽淘汰12/23,,,,,,
區域 2: 桃竹區（國中）,桃園市,國中,市立東安國中,24.916589,121.2496817,室內球場,469,乙組,預賽淘汰12/23,,,,,,
區域 2: 桃竹區（國中）,桃園市,國中,市立大有國中,25.0095332,121.3191841,室內球場,1132,乙組,預賽淘汰12/23,,,,,,
區域 2: 桃竹區（國中）,桃園市,國中,市立龜山國中,24.997578,121.3379847,室內球場,970,乙組,預賽淘汰12/23,,,,,,
區域 2: 桃竹區（國中）,桃園市,國中,市立經國國中,25.0217911,121.3039729,室內球場,568,乙組,預賽淘汰12/23,,,,,,
區域 2: 桃竹區（國中）,桃園市,國中,市立過嶺國中,24.9605395,121.1744393,室內球場,744,乙組,預賽淘汰12/23,,,,,,
區域 2: 桃竹區（國中）,桃園市,國中,市立青埔國中,25.0111825,121.2060469,室內球場,1146,乙組,預賽淘汰12/23,,,,,,
區域 2: 桃竹區（國中）,桃園市,國中,市立建國國中,24.9787769,121.3061854,室內球場,1925,乙組,複賽淘汰2/26,乙組,乙組,乙組,,,
區域 2: 桃竹區（國中）,桃園市,國中,市立大竹國中,25.02301,121.2583897,室內球場,1047,乙組,複賽淘汰2/26,,,,,,
區域 2: 桃竹區（國中）,桃園市,國中,市立自強國中,24.9685882,121.2594176,室內球場,1242,乙組,四強4/12,,,,,,
區域 2: 桃竹區（國中）,桃園市,國中,市立大成國中,24.9584453,121.3059061,室內球場,2980,甲組,八強4/19,甲組,,,,,
區域 2: 桃竹區（國中）,桃園市,國中,市立大崗國中,25.0512936,121.3703705,,1097,乙組,預賽淘汰12/23,,,,,,
區域 2: 桃竹區（國中）,新竹縣,國中,縣立尖石國中,24.5760667,121.3084088,風雨球場,234,乙組,預賽淘汰12/14,乙組,,,,,
區域 2: 桃竹區（國中）,新竹縣,國中,縣立寶山國中,24.7647733,120.9917659,風雨球場,142,乙組,預賽淘汰12/14,,,,,,封閉式 半室內
區域 2: 桃竹區（國中）,新竹縣,國中,縣立忠孝國中,24.8795382,120.9993658,風雨球場,903,乙組,預賽淘汰,,乙組,乙組,,,
區域 2: 桃竹區（國中）,新竹縣,國中,縣立東興國中,24.8112358,121.0300938,風雨球場,1758,乙組,複賽淘汰2/26,乙組,,乙組,,,
區域 2: 桃竹區（國中）,新竹縣,國中,縣立關西國中,24.7980807,121.1728733,無室內球場,349,乙組,預賽淘汰12/14,,,,,,
區域 2: 桃竹區（國中）,新竹縣,國中,縣立仁愛國中,24.8323815,121.0143366,無室內球場,1018,乙組,預賽淘汰12/14,,,,,,
區域 2: 桃竹區（國中）,新竹縣,國中,縣立鳳岡國中,24.8643263,120.9656429,無室內球場,131,乙組,預賽淘汰,,,,,,
區域 2: 桃竹區（國中）,新竹縣,國中,縣立橫山國中,24.7180506,121.1463159,室內球場,119,乙組,預賽淘汰12/14,,,,,,
區域 2: 桃竹區（國中）,新竹縣,國中,縣立新湖國中,24.9033074,121.0353018,室內球場,412,乙組,預賽淘汰12/14,,,,,,
區域 2: 桃竹區（國中）,新竹縣,國中,縣立員東國中,24.7066476,121.0981754,室內球場,140,甲組,資格賽淘汰10/21,,,,,,
區域 2: 桃竹區（國中）,新竹縣,國中,縣立自強國中,24.7460456,121.0845646,室內球場,1288,乙組,複賽淘汰2/26,乙組,,,,,
區域 2: 桃竹區（國中）,新竹市,國中,市立光武國中,24.7863357,121.0118008,風雨球場,1315,乙組,預賽淘汰12/27,,,,,,
區域 2: 桃竹區（國中）,新竹市,國中,市立建功高中附設國中部,24.7985509,121.0021632,無室內球場,1221,乙組,預賽淘汰12/27,,,,甲組,,
區域 2: 桃竹區（國中）,新竹市,國中,市立竹光國中,24.8073646,120.9555756,無室內球場,982,乙組,預賽淘汰12/27,,乙組,乙組,,,
區域 2: 桃竹區（國中）,新竹市,國中,市立內湖國中,24.7425162,120.9110658,無室內球場,997,乙組,預賽淘汰12/27,乙組,,,,,
區域 2: 桃竹區（國中）,新竹市,國中,市立富禮國中,24.7647634,120.9114638,室內球場,112,乙組,預賽淘汰12/27,,乙組,乙組,,,
區域 2: 桃竹區（國中）,新竹市,國中,國立科學工業園區高中附設國中部,24.7787695,121.0161537,室內球場,649,乙組,預賽淘汰12/27,乙組,,,,,
區域 2: 桃竹區（國中）,新竹市,國中,市立建華國中,24.7935372,120.9759807,室內球場,499,乙組,預賽淘汰12/27,乙組,,,,,
區域 2: 桃竹區（國中）,新竹市,國中,私立新竹市康橋國中(小),24.7688726,120.9661189,室內球場,390,乙組,預賽淘汰12/27,,,,,,
區域 2: 桃竹區（國中）,新竹市,國中,市立三民國中,24.8125978,120.9796555,室內球場,3929,乙組,預賽淘汰12/27,,,,,,
區域 2: 桃竹區（國中）,新竹市,國中,市立培英國中,24.794285,120.9783559,室內球場,2392,乙組,複賽淘汰2/26,乙組,,,,,
區域 4: 彰化區（國中）,彰化縣,國中,縣立線西國中,24.1320082,120.468351,風雨球場,342,乙組,預賽淘汰12/26,乙組,,,,,
區域 4: 彰化區（國中）,彰化縣,國中,縣立彰安國中,24.0701885,120.534701,風雨球場,699,乙組,預賽淘汰12/14,乙組,,,,,
區域 4: 彰化區（國中）,彰化縣,國中,縣立彰泰國中,24.0923129,120.549137,無室內球場,1684,乙組,預賽淘汰12/26,乙組,,,,,
區域 4: 彰化區（國中）,彰化縣,國中,私立文興高中附設國中部,23.8670756,120.5868273,無室內球場,913,乙組,預賽淘汰12/26,,,,,,
區域 4: 彰化區（國中）,彰化縣,國中,縣立芬園國中,24.011935,120.6263271,無室內球場,222,乙組,預賽淘汰12/26,,,,,,
區域 4: 彰化區（國中）,彰化縣,國中,縣立永靖國中,23.9303827,120.5511234,無室內球場,802,乙組,預賽淘汰12/14,,,,,,
區域 4: 彰化區（國中）,彰化縣,國中,縣立社頭國中,23.9026758,120.5843441,無室內球場,574,乙組,預賽淘汰12/14,,,,,,
區域 4: 彰化區（國中）,彰化縣,國中,縣立溪州國中,23.8503382,120.4958818,無室內球場,234,甲組,資格賽淘汰10/21,,,,,,
區域 4: 彰化區（國中）,彰化縣,國中,私立精誠高中附設國中部,24.0723027,120.5275498,有室內球場但無法使用,1898,乙組,預賽淘汰12/26,乙組,,,,,
區域 4: 彰化區（國中）,彰化縣,國中,縣立秀水國中,24.036781,120.5047915,室內球場,897,乙組,預賽淘汰12/26,乙組,乙組,乙組,,,
區域 4: 彰化區（國中）,彰化縣,國中,縣立鹿鳴國中,24.0987266,120.4690027,室內球場,626,乙組,預賽淘汰12/26,,,,,,
區域 4: 彰化區（國中）,彰化縣,國中,縣立大同國中,23.9634141,120.5786338,室內球場,1951,乙組,預賽淘汰12/26,,,,,,
區域 4: 彰化區（國中）,彰化縣,國中,縣立伸港國中,24.1448775,120.4873195,室內球場,773,乙組,複賽淘汰2/26,乙組,乙組,乙組,,,
區域 4: 彰化區（國中）,彰化縣,國中,縣立溪湖國中,23.9669117,120.4808418,室內球場,1274,甲組,四強4/20,,,,,,優質體育館
區域 5: 嘉南區（國中）,雲林縣,國中,縣立土庫國中,23.6865812,120.3893049,風雨球場,530,乙組,預賽淘汰12/20,甲組,乙組,乙組,,,
區域 5: 嘉南區（國中）,雲林縣,國中,縣立斗南高中附設國中部,23.679436,120.4747975,風雨球場,469,乙組,預賽淘汰12/20,,,,,,
區域 5: 嘉南區（國中）,雲林縣,國中,私立正心高中附設國中部,23.7155245,120.5271514,無室內球場,1143,乙組,預賽淘汰12/20,,,,,,
區域 5: 嘉南區（國中）,雲林縣,國中,縣立崇德國中,23.7166931,120.4173979,無室內球場,870,乙組,預賽淘汰12/20,,,,,,
區域 5: 嘉南區（國中）,雲林縣,國中,縣立東明國中,23.6779284,120.4709433,無室內球場,360,乙組,複賽淘汰2/26,,,,,,
區域 5: 嘉南區（國中）,雲林縣,國中,縣立建國國中,23.5743739,120.2955058,室內球場,882,乙組,預賽淘汰12/20,,甲組,,,,
區域 5: 嘉南區（國中）,雲林縣,國中,縣立雲林國中,23.7005153,120.5336504,室內球場,502,乙組,預賽淘汰12/20,乙組,,,,,
區域 5: 嘉南區（國中）,台南市,國中,市立忠孝國中,22.9814329,120.2228687,風雨球場,1213,乙組,預賽淘汰12/19,,,,乙組,,
區域 5: 嘉南區（國中）,台南市,國中,市立太子國中,23.2968024,120.2729063,風雨球場,77,甲組,資格賽淘汰10/21,乙組,,,,,
區域 5: 嘉南區（國中）,台南市,國中,市立東原國中,23.269901,120.448669,風雨球場,80,甲組,資格賽淘汰10/21,,,,,,
區域 5: 嘉南區（國中）,台南市,國中,市立建興國中,22.989156,120.2030242,無室內球場,1669,乙組,預賽淘汰12/19,乙組,,,,,
區域 5: 嘉南區（國中）,台南市,國中,市立大灣高中附設國中,23.005836,120.2726149,無室內球場,1197,乙組,預賽淘汰12/19,,,,,,
區域 5: 嘉南區（國中）,台南市,國中,市立仁德國中,22.9559592,120.2476214,無室內球場,567,乙組,預賽淘汰12/19,,,,,,
區域 5: 嘉南區（國中）,台南市,國中,市立西港國中,23.1242214,120.2057296,無室內球場,253,乙組,預賽淘汰12/19,,,,,,
區域 5: 嘉南區（國中）,台南市,國中,市立崇明國中,22.9701273,120.2233619,無室內球場,1456,乙組,預賽淘汰12/19,,,,,,
區域 5: 嘉南區（國中）,台南市,國中,市立九份子國中(小),23.0226998,120.1835706,無室內球場,356,乙組,預賽淘汰12/19,,,,,,
區域 5: 嘉南區（國中）,台南市,國中,市立玉井國中,23.1202824,120.4602459,無室內球場,169,乙組,預賽淘汰12/11,,,,,,
區域 5: 嘉南區（國中）,台南市,國中,市立新市國中,23.0830223,120.3003373,無室內球場,657,乙組,預賽淘汰12/11,,,,,,旁邊有新市風雨球場
區域 5: 嘉南區（國中）,台南市,國中,市立大橋國中,23.0232494,120.2321603,無室內球場,1223,乙組,預賽淘汰12/11,,,,,,
區域 5: 嘉南區（國中）,台南市,國中,市立永康國中,23.0281354,120.25649,無室內球場,1295,乙組,複賽淘汰2/26,乙組,,,,,
區域 5: 嘉南區（國中）,台南市,國中,市立新東國中,23.3114466,120.3242779,無室內球場,1004,乙組,複賽淘汰2/26,,,,,,
區域 5: 嘉南區（國中）,台南市,國中,市立和順國中,23.0658747,120.2205316,無室內球場,700,乙組,複賽淘汰2/26,,,,,,
區域 5: 嘉南區（國中）,台南市,國中,市立後甲國中,22.9947363,120.2260386,室內球場,2335,乙組,預賽淘汰12/19,乙組,乙組,乙組,甲組,,
區域 5: 嘉南區（國中）,台南市,國中,市立歸仁國中,22.9699051,120.2938715,室內球場,1077,乙組,預賽淘汰12/19,,,,乙組,,
區域 5: 嘉南區（國中）,台南市,國中,市立南新國中,23.3081916,120.3093145,室內球場,732,乙組,預賽淘汰12/19,乙組,,,,,
區域 5: 嘉南區（國中）,台南市,國中,臺南光華學校財團法人臺南市光華高中附設國中,22.9888364,120.2169225,室內球場,38,乙組,預賽淘汰12/19,,,,,,
區域 5: 嘉南區（國中）,台南市,國中,私立德光高中附設國中部,22.9794507,120.2214876,室內球場,1313,乙組,預賽淘汰12/19,,,,,,
區域 5: 嘉南區（國中）,台南市,國中,市立延平國中,23.010181,120.2110181,室內球場,115,乙組,預賽淘汰12/19,,,,,,
區域 5: 嘉南區（國中）,台南市,國中,市立復興國中,22.9823224,120.2402632,室內球場,3023,乙組,預賽淘汰12/19,,,,,,
區域 5: 嘉南區（國中）,台南市,國中,市立中山國中,22.9848708,120.2032355,室內球場,3114,甲組,預賽淘汰11/21,乙組,乙組,乙組,,,
區域 5: 嘉南區（國中）,嘉義縣,國中,縣立嘉新國中,23.5002751,120.3779354,無室內球場,331,乙組,預賽淘汰12/11,,乙組,,乙組,,
區域 5: 嘉南區（國中）,嘉義縣,國中,私立協同高中附設國中部,23.5321611,120.4367195,無室內球場,1204,乙組,預賽淘汰12/11,乙組,乙組,,,,
區域 5: 嘉南區（國中）,嘉義縣,國中,縣立大吉國中,23.5243804,120.490151,無室內球場,290,乙組,預賽淘汰12/11,,,,,,
區域 5: 嘉南區（國中）,嘉義縣,國中,縣立忠和國中,23.4208239,120.4458448,無室內球場,270,乙組,複賽淘汰2/26,乙組,,,,,
區域 5: 嘉南區（國中）,嘉義縣,國中,縣立竹崎高中附設國中部,23.5218885,120.5534541,室內球場,538,乙組,預賽淘汰12/11,,,,,,
區域 5: 嘉南區（國中）,嘉義縣,國中,縣立水上國中,23.4245505,120.3949104,室內球場,391,乙組,複賽淘汰2/26,乙組,,,,,
區域 5: 嘉南區（國中）,嘉義市,國中,市立玉山國中,23.4681059,120.4255568,風雨球場,529,乙組,預賽淘汰12/5,,,乙組,,,
區域 5: 嘉南區（國中）,嘉義市,國中,市立民生國中,23.465177,120.4390915,無室內球場,2410,乙組,預賽淘汰12/5,乙組,乙組,乙組,,,
區域 5: 嘉南區（國中）,嘉義市,國中,市立嘉義國中,23.4871093,120.4645322,無室內球場,727,乙組,預賽淘汰12/5,乙組,,乙組,,,
區域 5: 嘉南區（國中）,嘉義市,國中,市立蘭潭國中,23.4828851,120.4820246,無室內球場,475,乙組,預賽淘汰12/5,,乙組,,,,
區域 5: 嘉南區（國中）,嘉義市,國中,私立嘉華高中附設國中部,23.4827002,120.4769342,無室內球場,652,乙組,預賽淘汰12/5,,,,,,
區域 5: 嘉南區（國中）,嘉義市,國中,私立輔仁高中附設國中部,23.4613589,120.4548819,無室內球場,753,乙組,預賽淘汰12/5,,,,,,
區域 5: 嘉南區（國中）,嘉義市,國中,市立北興國中,23.4909064,120.4548457,室內球場,1591,乙組,預賽淘汰12/5,,乙組,,,,
區域 5: 嘉南區（國中）,嘉義市,國中,市立南興國中,23.4675889,120.4616072,室內球場,657,乙組,複賽淘汰2/26,,,乙組,,,
區域 3: 台中區（國中）,台中市,國中,市立向上國中,24.1434742,120.6627695,風雨球場,1311,乙組,預賽淘汰12/28,,乙組,,,,
區域 3: 台中區（國中）,台中市,國中,市立清水國中,24.2679611,120.5624733,風雨球場,1645,乙組,預賽淘汰12/28,,,,,,
區域 3: 台中區（國中）,台中市,國中,市立梧棲國中,24.2528196,120.532434,風雨球場,503,乙組,預賽淘汰12/28,,,,,,
區域 3: 台中區（國中）,台中市,國中,市立新光國中,24.1574685,120.7089483,風雨球場,1492,乙組,預賽淘汰12/28,,,,,,
區域 3: 台中區（國中）,台中市,國中,市立光德國中,24.105302,120.6419206,風雨球場,1178,乙組,預賽淘汰12/28,,,,,,
區域 3: 台中區（國中）,台中市,國中,私立東大附屬實驗高中附設國中部,24.1819168,120.6072964,風雨球場,791,乙組,預賽淘汰12/28,,,,,,
區域 3: 台中區（國中）,台中市,國中,市立豐東國中,24.2476674,120.7296177,風雨球場,1937,乙組,預賽淘汰12/28,,,,,,興建中
區域 3: 台中區（國中）,台中市,國中,市立豐陽國中,24.262073,120.7447817,風雨球場,514,甲組,資格賽淘汰10/21,,,,,,
區域 3: 台中區（國中）,台中市,國中,私立衛道高中附設國中部,24.1831227,120.6752306,風雨球場,2464,乙組,複賽淘汰2/26,,,,,,
區域 3: 台中區（國中）,台中市,國中,私立弘文高中附設國中部,24.2263892,120.704257,無室內球場,1093,乙組,預賽淘汰12/4,,,,,,
區域 3: 台中區（國中）,台中市,國中,市立福科國中,24.1885252,120.6150541,無室內球場,1664,乙組,預賽淘汰12/28,乙組,,,乙組,,
區域 3: 台中區（國中）,台中市,國中,市立順天國中,24.3493319,120.6145961,無室內球場,691,乙組,預賽淘汰12/28,,,,,,興建中
區域 3: 台中區（國中）,台中市,國中,市立立新國中,24.104388,120.6969785,無室內球場,398,乙組,預賽淘汰12/28,,,,,,預季2025完工
區域 3: 台中區（國中）,台中市,國中,市立北新國中,24.1798669,120.6969525,無室內球場,1734,乙組,預賽淘汰12/28,,,,,,
區域 3: 台中區（國中）,台中市,國中,市立四育國中,24.1254019,120.6645604,無室內球場,429,乙組,預賽淘汰12/28,,,,,,
區域 3: 台中區（國中）,台中市,國中,市立崇德國中,24.1752046,120.6852771,無室內球場,1286,乙組,預賽淘汰12/28,,,,,,
區域 3: 台中區（國中）,台中市,國中,市立雙十國中,24.1524183,120.691003,室內球場,677,乙組,預賽淘汰12/28,乙組,,甲組,,,
區域 3: 台中區（國中）,台中市,國中,市立大雅國中,24.2239722,120.6498517,室內球場,1151,乙組,預賽淘汰12/28,,乙組,乙組,,,
區域 3: 台中區（國中）,台中市,國中,市立爽文國中,24.1072573,120.6776851,室內球場,1508,乙組,預賽淘汰12/28,,乙組,乙組,,,
區域 3: 台中區（國中）,台中市,國中,市立長億高中附設國中部,24.1138525,120.7210022,室內球場,915,乙組,預賽淘汰12/28,,,乙組,,,
區域 3: 台中區（國中）,台中市,國中,市立居仁國中,24.1369364,120.6786372,室內球場,2172,乙組,預賽淘汰12/28,,,乙組,,,
區域 3: 台中區（國中）,台中市,國中,市立龍津高中附設國中部,24.2046378,120.5215055,室內球場,612,乙組,預賽淘汰12/28,,,,,,
區域 3: 台中區（國中）,台中市,國中,市立日南國中,24.3777562,120.6524122,室內球場,541,乙組,預賽淘汰12/28,,,,,,
區域 3: 台中區（國中）,台中市,國中,市立沙鹿國中,24.2351148,120.5628071,室內球場,1541,乙組,預賽淘汰12/28,,,,,,
區域 3: 台中區（國中）,台中市,國中,市立霧峰國中,24.0682428,120.6898253,室內球場,246,乙組,預賽淘汰12/28,,,,,,
區域 3: 台中區（國中）,台中市,國中,市立大華國中,24.2156928,120.6505481,室內球場,1325,乙組,預賽淘汰12/28,,,,,,
區域 3: 台中區（國中）,台中市,國中,市立光明國中,24.1330676,120.6735521,室內球場,1090,乙組,預賽淘汰12/28,,,,,,
區域 3: 台中區（國中）,台中市,國中,市立大墩國中,24.1452207,120.6397636,室內球場,796,乙組,預賽淘汰12/28,,,,,,優質體育館
區域 3: 台中區（國中）,台中市,國中,市立太平國中,24.14913,120.7355675,室內球場,672,乙組,預賽淘汰12/28,,,,,,
區域 3: 台中區（國中）,台中市,國中,市立神岡高工附設國中部,24.2458374,120.6807991,室內球場,580,甲組,資格賽淘汰10/21,乙組,,,,,
區域 3: 台中區（國中）,台中市,國中,市立立人國中,24.1715332,120.66999,室內球場,586,甲組,資格賽淘汰10/21,,,,,,優質體育館
區域 3: 台中區（國中）,台中市,國中,市立五權國中,24.1546766,120.6785836,室內球場,1033,乙組,複賽淘汰2/26,,,,,乙組,
區域 3: 台中區（國中）,台中市,國中,市立育英國中,24.135644,120.6988875,室內球場,602,乙組,複賽淘汰2/26,乙組,,,,,
區域 3: 台中區（國中）,台中市,國中,市立后綜高中附設國中部,24.3064604,120.7231399,室內球場,823,乙組,複賽淘汰2/26,,,,,,
區域 3: 台中區（國中）,台中市,國中,市立安和國中,24.1740263,120.6165849,室內球場,693,乙組,複賽淘汰2/26,,,,,,
區域 3: 台中區（國中）,台中市,國中,市立崇倫國中,24.1327249,120.6574325,室內球場,741,甲組,複賽淘汰1/12,,,,乙組,,
區域 3: 台中區（國中）,台中市,國中,市立成功國中,24.0932147,120.6987752,室內球場,1769,乙組,八強4/11,乙組,,,,,
區域 1: 北北區（國中）,台北市,國中,市立木柵國中,24.9874125,121.5676434,風雨球場,531,乙組,預賽淘汰12/22,,,,,,
區域 1: 北北區（國中）,台北市,國中,市立天母國中,25.1172232,121.5385116,無室內球場,1340,乙組,預賽淘汰12/22,乙組,乙組,乙組,乙組,,
區域 1: 北北區（國中）,台北市,國中,市立景美國中,24.9936282,121.543573,無室內球場,1118,乙組,預賽淘汰12/22,乙組,,,,,
區域 1: 北北區（國中）,台北市,國中,市立重慶國中,25.0761655,121.5178978,無室內球場,362,乙組,預賽淘汰12/22,,,,,,
區域 1: 北北區（國中）,台北市,國中,私立東山中學附設國中部,24.972511,121.561462,無室內球場,1805,乙組,預賽淘汰12/22,,,,,,
區域 1: 北北區（國中）,台北市,國中,私立景文高中附設國中部,24.9851813,121.5682179,無室內球場,336,乙組,預賽淘汰12/22,,,,,,
區域 1: 北北區（國中）,台北市,國中,市立北政國中,24.9847679,121.5791061,無室內球場,251,乙組,預賽淘汰12/22,,,,,,
區域 1: 北北區（國中）,台北市,國中,私立達人高中附設國中部,25.0811627,121.5879697,無室內球場,412,乙組,預賽淘汰12/22,,,,,,
區域 1: 北北區（國中）,台北市,國中,市立敦化國中,25.0509665,121.5467051,無室內球場,2096,乙組,複賽淘汰2/26,,,,,,
區域 1: 北北區（國中）,台北市,國中,市立明湖國中,25.0700482,121.6103034,室內球場,1622,乙組,預賽淘汰12/22,乙組,乙組,甲組,,,
區域 1: 北北區（國中）,台北市,國中,市立忠孝國中,25.050985,121.5072911,室內球場,510,乙組,預賽淘汰12/22,,乙組,,,,
區域 1: 北北區（國中）,台北市,國中,市立懷生國中,25.0405277,121.5407648,室內球場,372,乙組,預賽淘汰12/22,甲組,,,,,
區域 1: 北北區（國中）,台北市,國中,市立龍門國中,25.0235395,121.5383614,室內球場,1395,乙組,預賽淘汰12/22,乙組,,,,,
區域 1: 北北區（國中）,台北市,國中,市立中正國中,25.032315,121.5220631,室內球場,2101,乙組,預賽淘汰12/22,乙組,,,,,
區域 1: 北北區（國中）,台北市,國中,市立麗山國中,25.0822234,121.5754245,室內球場,1767,乙組,預賽淘汰12/22,乙組,,,,,
區域 1: 北北區（國中）,台北市,國中,市立民生國中,25.0602498,121.5661426,室內球場,707,乙組,預賽淘汰12/22,,,,,,
區域 1: 北北區（國中）,台北市,國中,國立師大附中,25.0336742,121.5404012,室內球場,576,乙組,預賽淘汰12/22,,,,,,
區域 1: 北北區（國中）,台北市,國中,私立立人國中(小),25.0298352,121.5519283,室內球場,103,乙組,預賽淘汰12/22,,,,,,
區域 1: 北北區（國中）,台北市,國中,市立仁愛國中,25.0374863,121.5506144,室內球場,1677,乙組,預賽淘汰12/22,,,,,,
區域 1: 北北區（國中）,台北市,國中,市立濱江實驗國中,25.0792217,121.5609048,室內球場,267,乙組,預賽淘汰12/22,,,,,,
區域 1: 北北區（國中）,台北市,國中,市立古亭國中,25.024302,121.5104141,室內球場,504,乙組,預賽淘汰12/22,,,,,,
區域 1: 北北區（國中）,台北市,國中,市立南門國中,25.0351764,121.5091203,室內球場,1445,乙組,預賽淘汰12/22,,,,,,
區域 1: 北北區（國中）,台北市,國中,市立弘道國中,25.0375713,121.5152866,室內球場,1203,乙組,預賽淘汰12/22,,,,,,
區域 1: 北北區（國中）,台北市,國中,國立政大附中,24.9871472,121.585813,室內球場,432,乙組,預賽淘汰12/22,,,,,,
區域 1: 北北區（國中）,台北市,國中,私立靜心高中附設國中部,24.9985757,121.5470355,室內球場,790,乙組,預賽淘汰12/22,,,,,,
區域 1: 北北區（國中）,台北市,國中,市立興福國中,25.0049411,121.5499429,室內球場,130,乙組,預賽淘汰12/22,,,,,,
區域 1: 北北區（國中）,台北市,國中,市立東湖國中,25.0718997,121.6208948,室內球場,978,乙組,預賽淘汰12/22,,,,,,
區域 1: 北北區（國中）,台北市,國中,市立明德國中,25.1078343,121.5189795,室內球場,1126,乙組,預賽淘汰12/22,,,,,,
區域 1: 北北區（國中）,台北市,國中,市立石牌國中,25.1155187,121.5138046,室內球場,2395,乙組,預賽淘汰12/22,,,,,,
區域 1: 北北區（國中）,台北市,國中,市立興雅國中,25.0356457,121.5722627,室內球場,1325,乙組,預賽淘汰12/22,,,,,,
區域 1: 北北區（國中）,台北市,國中,市立內湖國中,25.0779429,121.5895961,室內球場,841,乙組,預賽淘汰12/22,,,,,,
區域 1: 北北區（國中）,台北市,國中,市立蘭雅國中,25.1104477,121.5316348,室內球場,1267,乙組,預賽淘汰12/22,,,,,,
區域 1: 北北區（國中）,台北市,國中,私立薇閣高中附設國中部,25.1398885,121.5046384,室內球場,1813,乙組,預賽淘汰12/22,,,,,,
區域 1: 北北區（國中）,台北市,國中,市立永吉國中,25.0477826,121.5730102,室內球場,369,甲組,預賽淘汰11/27,,,,,,
區域 1: 北北區（國中）,台北市,國中,市立新民國中,25.1383165,121.5063573,室內球場,238,甲組,資格賽淘汰10/21,,,,,,
區域 1: 北北區（國中）,台北市,國中,私立復興高中(國中),25.039689,121.547302,室內球場,925,乙組,複賽淘汰2/26,,,,,,
區域 1: 北北區（國中）,台北市,國中,市立景興國中,24.9966064,121.5436013,室內球場,1264,乙組,複賽淘汰2/26,,,,,,
區域 1: 北北區（國中）,台北市,國中,市立大安國中,25.0303997,121.5467768,室內球場,1136,甲組,複賽淘汰1/12,,,甲組,,,
區域 1: 北北區（國中）,台北市,國中,市立金華國中,25.0305742,121.5315141,室內球場,2238,甲組,四強4/20,甲組,乙組,乙組,乙組,,
區域 1: 北北區（國中）,台北市,國中,市立信義國中,25.0286896,121.5675836,室內球場,686,甲組,四強4/20,,,,,,
區域 1: 北北區（國中）,新北市,國中,市立漳和國中,25.0021774,121.5057743,風雨球場,500,乙組,預賽淘汰12/25,,乙組,,,,
區域 1: 北北區（國中）,新北市,國中,市立桃子腳國中(小),24.9489786,121.3829584,風雨球場,661,乙組,預賽淘汰12/25,乙組,,,,,
區域 1: 北北區（國中）,新北市,國中,市立汐止國中,25.06662,121.658433,風雨球場,462,乙組,預賽淘汰12/25,,,,,,
區域 1: 北北區（國中）,新北市,國中,市立忠孝國中,25.0040418,121.4616794,風雨球場,2307,乙組,預賽淘汰12/13,,,,,,
區域 1: 北北區（國中）,新北市,國中,市立鳳鳴國中,24.967988,121.3317462,風雨球場,454,乙組,預賽淘汰12/11,乙組,,,,,
區域 1: 北北區（國中）,新北市,國中,市立三和國中,25.0763987,121.4867838,風雨球場,2186,乙組,預賽淘汰12/11,乙組,,,,,
區域 1: 北北區（國中）,新北市,國中,市立中平國中,25.0541032,121.442921,風雨球場,2674,乙組,複賽淘汰2/26,乙組,,,,,
區域 1: 北北區（國中）,新北市,國中,市立福和國中,25.0044586,121.5214776,風雨球場,2465,乙組,複賽淘汰2/26,,,,,,
區域 1: 北北區（國中）,新北市,國中,市立五股國中,25.0822117,121.4352689,風雨球場,893,乙組,四強4/12,,,,,,
區域 1: 北北區（國中）,新北市,國中,市立鷺江國中,25.0902232,121.46201,無室內球場,1793,乙組,預賽淘汰12/25,,,,甲組,,鄰近蘆洲國民運動中心
區域 1: 北北區（國中）,新北市,國中,私立光仁高中附設國中部,25.0184272,121.4762544,無室內球場,704,乙組,預賽淘汰12/25,,乙組,乙組,,,
區域 1: 北北區（國中）,新北市,國中,私立崇光高中附設國中部,24.9717338,121.539141,無室內球場,969,乙組,預賽淘汰12/25,乙組,,,,,
區域 1: 北北區（國中）,新北市,國中,市立三多國中,25.0058239,121.4138605,無室內球場,684,乙組,預賽淘汰12/25,乙組,,,,,
區域 1: 北北區（國中）,新北市,國中,市立八里國中,25.1411383,121.4006922,無室內球場,388,乙組,預賽淘汰12/25,,,,,,
區域 1: 北北區（國中）,新北市,國中,市立泰山國中,25.0653937,121.4257969,無室內球場,543,乙組,預賽淘汰12/25,,,,,,
區域 1: 北北區（國中）,新北市,國中,市立五峰國中,24.9667173,121.5440696,無室內球場,994,乙組,預賽淘汰12/25,,,,,,
區域 1: 北北區（國中）,新北市,國中,市立中正國中,24.9837353,121.4566653,無室內球場,4089,乙組,預賽淘汰12/25,,,,,,
區域 1: 北北區（國中）,新北市,國中,市立義學國中,25.0517076,121.4313258,無室內球場,1303,乙組,預賽淘汰12/25,,,,,,興建室內球場中
區域 1: 北北區（國中）,新北市,國中,市立達觀國中(小),24.953605,121.4999598,無室內球場,832,乙組,預賽淘汰12/25,,,,,,
區域 1: 北北區（國中）,新北市,國中,市立正德國中,25.1790341,121.4475819,有室內球場但無法使用,1639,乙組,預賽淘汰12/25,,,,,,
區域 1: 北北區（國中）,新北市,國中,市立三重高中附設國中部,25.0547509,121.491492,有室內球場但無法使用,581,乙組,預賽淘汰12/14,乙組,,,,,
區域 1: 北北區（國中）,新北市,國中,市立新莊國中,25.0350605,121.451867,有室內球場但無法使用,2033,乙組,預賽淘汰12/11,,,,,,
區域 1: 北北區（國中）,新北市,國中,私立康橋實驗高中附設國中部,24.9108487,121.4978523,室內球場,951,乙組,預賽淘汰12/25,乙組,,,乙組,,
區域 1: 北北區（國中）,新北市,國中,市立崇林國中,25.0676204,121.3702444,室內球場,1532,乙組,預賽淘汰12/25,,,,乙組,,
區域 1: 北北區（國中）,新北市,國中,市立三峽國中,24.9396436,121.3695297,室內球場,1556,乙組,預賽淘汰12/25,,,乙組,,,
區域 1: 北北區（國中）,新北市,國中,私立竹林高中附設國中部,24.9809042,121.5064289,室內球場,1162,乙組,預賽淘汰12/25,,乙組,,,,
區域 1: 北北區（國中）,新北市,國中,市立安康高中附設國中部,24.9701145,121.5145523,室內球場,589,乙組,預賽淘汰12/25,甲組,,,,,
區域 1: 北北區（國中）,新北市,國中,私立裕德實驗高中附設國中部,24.982633,121.4402181,室內球場,481,乙組,預賽淘汰12/25,乙組,,,,,
區域 1: 北北區（國中）,新北市,國中,私立南山高中附設國中部,25.0016727,121.5034654,室內球場,2974,乙組,預賽淘汰12/25,乙組,,,,,
區域 1: 北北區（國中）,新北市,國中,市立頭前國中,25.0546978,121.4590608,室內球場,1107,乙組,預賽淘汰12/25,乙組,,,,,
區域 1: 北北區（國中）,新北市,國中,市立柑園國中,24.9539473,121.3843583,室內球場,283,乙組,預賽淘汰12/25,乙組,,,,,
區域 1: 北北區（國中）,新北市,國中,私立恆毅高中附設國中部,25.0366721,121.4537337,室內球場,1130,乙組,預賽淘汰12/25,,,,,,
區域 1: 北北區（國中）,新北市,國中,私立林口康橋高中附設國中部,25.0740524,121.3899708,室內球場,797,乙組,預賽淘汰12/25,,,,,,
區域 1: 北北區（國中）,新北市,國中,市立海山高中附設國中部,25.0095208,121.4718833,室內球場,2643,乙組,預賽淘汰12/25,,,,,,
區域 1: 北北區（國中）,新北市,國中,市立丹鳳高中附設國中部,25.0209948,121.4165519,室內球場,2105,乙組,預賽淘汰12/25,,,,,,
區域 1: 北北區（國中）,新北市,國中,市立中山國中,25.0185026,121.4676112,室內球場,6223,乙組,預賽淘汰12/25,,,,,,
區域 1: 北北區（國中）,新北市,國中,市立碧華國中,25.087378,121.4889516,室內球場,1365,乙組,預賽淘汰12/25,,,,,,
區域 1: 北北區（國中）,新北市,國中,市立青山國中(小),25.0611624,121.6566775,室內球場,537,乙組,預賽淘汰12/25,,,,,,
區域 1: 北北區（國中）,新北市,國中,市立佳林國中,25.0803973,121.3842176,室內球場,897,乙組,預賽淘汰12/25,,,,,,
區域 1: 北北區（國中）,新北市,國中,市立溪崑國中,24.9961713,121.432248,室內球場,1708,乙組,預賽淘汰12/25,乙組,,,,,
區域 1: 北北區（國中）,新北市,國中,市立金山高中附設國中部,25.2245744,121.6369778,室內球場,244,乙組,預賽淘汰12/25,,,,,,
區域 1: 北北區（國中）,新北市,國中,市立蘆洲國中,25.0875048,121.4671226,室內球場,1349,乙組,預賽淘汰12/11,乙組,,,甲組,,優質足球場
區域 1: 北北區（國中）,新北市,國中,市立錦和高中附設國中部,24.992538,121.490953,室內球場,1315,甲組,預賽淘汰11/27,,,,,,
區域 1: 北北區（國中）,新北市,國中,市立中和國中,24.9862084,121.5086901,室內球場,799,甲組,資格賽淘汰10/21,,,,,,
區域 1: 北北區（國中）,新北市,國中,市立文山國中,24.956165,121.5393196,室內球場,587,乙組,複賽淘汰2/26,,,,,,市立文山國中
區域 1: 北北區（國中）,新北市,國中,市立永和國中,25.0063565,121.523632,室內球場,2928,甲組,複賽淘汰1/12,甲組,,,,,優質體育館
區域 1: 北北區（國中）,新北市,國中,市立光榮國中,25.071172,121.5000634,室內球場,1758,甲組,八強4/19,乙組,,,,,優質體育館
區域 1: 北北區（國中）,宜蘭縣,國中,縣立興中國中,24.6994925,121.7713678,風雨球場,90,乙組,預賽淘汰12/28,,,,,,
區域 1: 北北區（國中）,宜蘭縣,國中,私立慧燈高中附設國中部,24.7771871,121.7155399,風雨球場,887,乙組,預賽淘汰12/25,,,,,,
區域 1: 北北區（國中）,宜蘭縣,國中,縣立復興國中,24.7491751,121.7469232,室內球場,1271,乙組,預賽淘汰12/28,乙組,,,甲組,,
區域 1: 北北區（國中）,宜蘭縣,國中,縣立國華國中,24.6781958,121.761219,室內球場,1113,乙組,預賽淘汰12/28,,乙組,乙組,乙組,,
區域 1: 北北區（國中）,宜蘭縣,國中,縣立宜蘭國中,24.7620433,121.7574798,室內球場,507,乙組,預賽淘汰12/28,,,,,,
區域 1: 北北區（國中）,宜蘭縣,國中,縣立蘇澳國中,24.5964079,121.8354275,室內球場,182,乙組,預賽淘汰12/28,,,,,,
區域 1: 北北區（國中）,宜蘭縣,國中,縣立吳沙國中,24.7860523,121.7591047,室內球場,116,乙組,預賽淘汰12/28,,,,,,球場簡陋
區域 1: 北北區（國中）,宜蘭縣,國中,縣立壯圍國中,24.7494745,121.7879891,室內球場,315,乙組,預賽淘汰12/28,,,,,,
區域 1: 北北區（國中）,宜蘭縣,國中,縣立南澳高中附設國中部,24.4655928,121.8012747,室內球場,106,乙組,預賽淘汰12/13,乙組,,,,,優質體育館
區域 1: 北北區（國中）,宜蘭縣,國中,縣立羅東國中,24.6821569,121.7669167,室內球場,1513,乙組,複賽淘汰2/26,,乙組,乙組,,,
區域 1: 北北區（國中）,宜蘭縣,國中,縣立中華國中,24.7501496,121.766899,室內球場,880,乙組,複賽淘汰2/26,甲組,,,,,優質體育館
區域 1: 北北區（國中）,宜蘭縣,國中,縣立文化國中,24.6184951,121.8326478,室內球場,485,乙組,複賽淘汰2/26,乙組,,,,,
區域 1: 北北區（國中）,基隆市,國中,市立銘傳國中,25.1237765,121.750021,風雨球場,1124,乙組,四強4/12,乙組,,,,,
區域 1: 北北區（國中）,基隆市,國中,市立正濱國中,25.1467797,121.764246,室內球場,123,乙組,預賽淘汰12/31,乙組,,,,,
區域 1: 北北區（國中）,基隆市,國中,市立明德國中,25.0932018,121.7156049,室內球場,1636,乙組,預賽淘汰12/31,,,,,,
區域 1: 北北區（國中）,基隆市,國中,市立武崙國中,25.137506,121.7058296,室內球場,683,乙組,預賽淘汰12/31,,,,,,
區域 1: 北北區（國中）,基隆市,國中,市立建德國中,25.127738,121.7218615,室內球場,646,乙組,複賽淘汰2/26,,,,,,